sequence_id,frame_index,map_id,scenario,sample_category,candidate_id,predicted_score,dynamic_cost,static_cost,guidance_cost,minimum_distance,minimum_clearance,time_of_minimum_clearance,risk_rank,score_rank,selected_by_score
phase8_train_0003,12,1,head_on_cylinder,visible_high_risk,0,1.4080536365509033,0.5320367217063904,3.1918556690216064,1.0620849132537842,0.5110909938812256,-0.477570116519928,0.6111111044883728,0,6,False
phase8_train_0003,12,1,head_on_cylinder,visible_high_risk,1,2.108635663986206,0.46307966113090515,2.2734947204589844,1.1153837442398071,0.5136324167251587,-0.455316424369812,0.555555522441864,2,11,False
phase8_train_0003,12,1,head_on_cylinder,visible_high_risk,2,2.901740074157715,0.458678275346756,2.7777514457702637,1.1622498035430908,0.5289130210876465,-0.4400358200073242,0.555555522441864,3,13,False
phase8_train_0003,12,1,head_on_cylinder,visible_high_risk,3,1.745736002922058,0.18627512454986572,1.6852679252624512,0.8975770473480225,0.7490087747573853,-0.2340860366821289,0.6111111044883728,7,8,False
phase8_train_0003,12,1,head_on_cylinder,visible_high_risk,4,1.3633735179901123,0.11404358595609665,1.9455409049987793,0.8148453831672668,0.8274463415145874,-0.1415024995803833,0.555555522441864,10,5,False
phase8_train_0003,12,1,head_on_cylinder,visible_high_risk,5,1.3449829816818237,0.29417261481285095,2.5525264739990234,0.9915841221809387,0.6514647006988525,-0.337196409702301,0.6111111044883728,5,3,False
phase8_train_0003,12,1,head_on_cylinder,visible_high_risk,6,2.551161050796509,0.11776535212993622,3.074369192123413,1.1151940822601318,0.8029106855392456,-0.1660381555557251,0.555555522441864,9,12,False
phase8_train_0003,12,1,head_on_cylinder,visible_high_risk,7,4.4929609298706055,0.07883641868829727,3.186532735824585,1.0772590637207031,0.8559627532958984,-0.11298608779907227,0.555555522441864,13,14,False
phase8_train_0003,12,1,head_on_cylinder,visible_high_risk,8,2.046445369720459,0.048120200634002686,2.699312925338745,1.0634303092956543,0.9385292530059814,-0.030419588088989258,0.555555522441864,14,9,False
phase8_train_0003,12,1,head_on_cylinder,visible_high_risk,9,1.3500304222106934,0.08866003900766373,3.3892767429351807,0.8725834488868713,0.8772799968719482,-0.10467129945755005,0.6111111044883728,11,4,False
phase8_train_0003,12,1,head_on_cylinder,visible_high_risk,10,0.9603232145309448,0.21743334829807281,2.8591675758361816,0.9009360074996948,0.7152712941169739,-0.2733898162841797,0.6111111044883728,6,0,True
phase8_train_0003,12,1,head_on_cylinder,visible_high_risk,11,1.136794090270996,0.4064706265926361,2.837678909301758,1.0218974351882935,0.570626437664032,-0.4180346727371216,0.6111111044883728,4,1,False
phase8_train_0003,12,1,head_on_cylinder,visible_high_risk,12,2.0660300254821777,0.47130322456359863,2.5887200832366943,1.0632482767105103,0.5305466055870056,-0.45811450481414795,0.6111111044883728,1,10,False
phase8_train_0003,12,1,head_on_cylinder,visible_high_risk,13,1.5657284259796143,0.16926433145999908,2.6186976432800293,0.9668851494789124,0.7679708003997803,-0.2206903100013733,0.6111111044883728,8,7,False
phase8_train_0003,12,1,head_on_cylinder,visible_high_risk,14,1.2644374370574951,0.08401953428983688,3.3879737854003906,0.7702482342720032,0.8895788192749023,-0.09908229112625122,0.6111111044883728,12,2,False
phase8_train_0006,8,0,delayed_linear,temporally_separated,0,1.4888159036636353,0.2817389667034149,1.7955557107925415,1.0013617277145386,0.7011916637420654,-0.35004091262817383,0.7777777314186096,3,3,False
phase8_train_0006,8,0,delayed_linear,temporally_separated,1,1.6784486770629883,0.3616999685764313,1.6375038623809814,1.157798409461975,0.6481025815010071,-0.4031299948692322,0.7777777314186096,2,6,False
phase8_train_0006,8,0,delayed_linear,temporally_separated,2,2.2365899085998535,0.8903325796127319,1.276911735534668,1.1775745153427124,0.3946852684020996,-0.6565473079681396,0.7777777314186096,1,12,False
phase8_train_0006,8,0,delayed_linear,temporally_separated,3,2.1392364501953125,1.2853116989135742,0.7759228944778442,1.1842732429504395,0.202061727643013,-0.8491708636283875,0.7777777314186096,0,11,False
phase8_train_0006,8,0,delayed_linear,temporally_separated,4,1.8633902072906494,0.00018725433619692922,1.3690507411956787,0.6725860238075256,1.6190822124481201,0.6100713014602661,0.6666666269302368,13,9,False
phase8_train_0006,8,0,delayed_linear,temporally_separated,5,1.374830722808838,0.025550780817866325,2.5702240467071533,0.9246395826339722,1.1034247875213623,0.05219221115112305,0.7777777314186096,6,2,False
phase8_train_0006,8,0,delayed_linear,temporally_separated,6,1.701845645904541,0.007798734121024609,2.551011800765991,1.088304042816162,1.239400029182434,0.20950400829315186,0.7222222089767456,10,7,False
phase8_train_0006,8,0,delayed_linear,temporally_separated,7,3.229811906814575,0.004771476611495018,2.6337389945983887,1.101469874382019,1.284334421157837,0.2544384002685547,0.7222222089767456,11,13,False
phase8_train_0006,8,0,delayed_linear,temporally_separated,8,3.4305503368377686,0.012258236296474934,2.4716296195983887,1.1363739967346191,1.1665916442871094,0.13669562339782715,0.7222222089767456,8,14,False
phase8_train_0006,8,0,delayed_linear,temporally_separated,9,1.723676323890686,3.4930675610667095e-05,2.4561259746551514,0.7780370712280273,1.7932053804397583,0.7841944694519043,0.6666666269302368,14,8,False
phase8_train_0006,8,0,delayed_linear,temporally_separated,10,0.9622290134429932,0.02137063443660736,2.7526211738586426,0.8437069654464722,1.1249034404754639,0.07367086410522461,0.7777777314186096,7,1,False
phase8_train_0006,8,0,delayed_linear,temporally_separated,11,0.9336122274398804,0.0634380429983139,2.56502103805542,0.9479461908340454,0.971123993396759,-0.08010858297348022,0.7777777314186096,5,0,True
phase8_train_0006,8,0,delayed_linear,temporally_separated,12,1.6137715578079224,0.10999581217765808,2.4493939876556396,0.9829149842262268,0.8821569681167603,-0.169075608253479,0.7777777314186096,4,5,False
phase8_train_0006,8,0,delayed_linear,temporally_separated,13,2.004523754119873,0.00951563473790884,2.2153024673461914,0.9869828820228577,1.209057092666626,0.17916107177734375,0.7222222089767456,9,10,False
phase8_train_0006,8,0,delayed_linear,temporally_separated,14,1.5826420783996582,0.0002643627522047609,2.300510883331299,0.7052563428878784,1.604084849357605,0.5741888284683228,0.7222222089767456,12,4,False
phase8_train_0006,13,0,delayed_linear,temporally_separated,0,1.4921948909759521,1.1597462892532349,1.6987115144729614,1.067456841468811,0.2691067159175873,-0.7821258306503296,0.7777777314186096,0,6,False
phase8_train_0006,13,0,delayed_linear,temporally_separated,1,1.963956594467163,0.7155117392539978,1.8238812685012817,1.1748383045196533,0.48740333318710327,-0.563829243183136,0.7777777314186096,2,9,False
phase8_train_0006,13,0,delayed_linear,temporally_separated,2,3.2283623218536377,1.0418193340301514,1.4280943870544434,1.170515537261963,0.3536653518676758,-0.6975672245025635,0.7777777314186096,1,13,False
phase8_train_0006,13,0,delayed_linear,temporally_separated,3,1.9001256227493286,1.1068026651628315e-05,1.4465335607528687,0.8936969637870789,1.910141110420227,0.9168449640274048,0.6666666269302368,10,8,False
phase8_train_0006,13,0,delayed_linear,temporally_separated,4,1.3893893957138062,4.1256880649598315e-06,1.3221912384033203,0.8283746838569641,2.002887725830078,1.0142266750335693,0.6111111044883728,11,4,False
phase8_train_0006,13,0,delayed_linear,temporally_separated,5,1.3708122968673706,0.08449456095695496,2.5910868644714355,0.9905380606651306,0.9341050982475281,-0.11712747812271118,0.7777777314186096,3,3,False
phase8_train_0006,13,0,delayed_linear,temporally_separated,6,2.366008996963501,0.0035381303168833256,2.7537543773651123,1.1357313394546509,1.3219141960144043,0.29201817512512207,0.7222222089767456,7,11,False
phase8_train_0006,13,0,delayed_linear,temporally_separated,7,4.8015851974487305,0.003118333173915744,2.57690691947937,1.090957760810852,1.319599986076355,0.310589075088501,0.6666666269302368,8,14,False
phase8_train_0006,13,0,delayed_linear,temporally_separated,8,2.6951279640197754,3.85035536965006e-06,2.342297077178955,1.0808407068252563,2.0072832107543945,1.0186221599578857,0.6111111044883728,12,12,False
phase8_train_0006,13,0,delayed_linear,temporally_separated,9,1.3978807926177979,2.760090637821122e-06,2.3978381156921387,0.8637629151344299,2.0483620166778564,1.0597009658813477,0.6111111044883728,13,5,False
phase8_train_0006,13,0,delayed_linear,temporally_separated,10,0.9505919218063354,0.05898910388350487,2.5871853828430176,0.9125190377235413,0.9889180064201355,-0.06231456995010376,0.7777777314186096,4,0,True
phase8_train_0006,13,0,delayed_linear,temporally_separated,11,1.108025312423706,0.0542086586356163,2.367497205734253,1.0096099376678467,1.0063414573669434,-0.0448911190032959,0.7777777314186096,5,1,False
phase8_train_0006,13,0,delayed_linear,temporally_separated,12,2.1350257396698,0.011914024129509926,2.210141181945801,1.07314932346344,1.1890195608139038,0.15912353992462158,0.7222222089767456,6,10,False
phase8_train_0006,13,0,delayed_linear,temporally_separated,13,1.8908767700195312,4.807929144590162e-05,2.2396867275238037,1.026666522026062,1.7669029235839844,0.7578920125961304,0.6666666269302368,9,7,False
phase8_train_0006,13,0,delayed_linear,temporally_separated,14,1.356488823890686,2.6415059437567834e-06,2.1994378566741943,0.7542309761047363,2.0544819831848145,1.0658209323883057,0.6111111044883728,14,2,False
phase8_train_0005,8,1,waypoint_ping_pong,visible_low_risk,0,1.3446507453918457,0.2875422239303589,3.170078754425049,1.013218641281128,0.7038887143135071,-0.3397045135498047,0.7777777314186096,1,10,False
phase8_train_0005,8,1,waypoint_ping_pong,visible_low_risk,1,1.7526874542236328,0.2602583169937134,2.200464963912964,1.0350420475006104,0.694869339466095,-0.33502668142318726,0.7222222089767456,2,12,False
phase8_train_0005,8,1,waypoint_ping_pong,visible_low_risk,2,2.1013591289520264,0.9553980231285095,1.4754019975662231,1.1389274597167969,0.3254619240760803,-0.7257706522941589,0.7777777314186096,0,14,False
phase8_train_0005,8,1,waypoint_ping_pong,visible_low_risk,3,1.2153435945510864,0.0023672650568187237,1.564695119857788,0.9644084572792053,1.3858749866485596,0.3346424102783203,0.7777777314186096,9,4,False
phase8_train_0005,8,1,waypoint_ping_pong,visible_low_risk,4,1.3185572624206543,0.00015291284944396466,1.8532130718231201,0.7815802097320557,1.6867669820785522,0.6361775398254395,0.7777777314186096,12,9,False
phase8_train_0005,8,1,waypoint_ping_pong,visible_low_risk,5,1.2242441177368164,0.03138044849038124,2.5524966716766357,0.9461197853088379,1.0708199739456177,0.032448530197143555,0.7777777314186096,5,5,False
phase8_train_0005,8,1,waypoint_ping_pong,visible_low_risk,6,1.7045127153396606,0.002896736143156886,3.012399435043335,1.0622704029083252,1.3361833095550537,0.3062872886657715,0.7222222089767456,8,11,False
phase8_train_0005,8,1,waypoint_ping_pong,visible_low_risk,7,2.0026164054870605,0.003811143571510911,2.9870803356170654,1.0609073638916016,1.3026081323623657,0.2727121114730835,0.7222222089767456,7,13,False
phase8_train_0005,8,1,waypoint_ping_pong,visible_low_risk,8,1.2012072801589966,0.0002020037645706907,2.7945239543914795,1.067739725112915,1.6442499160766602,0.6140642166137695,0.7777777314186096,11,3,False
phase8_train_0005,8,1,waypoint_ping_pong,visible_low_risk,9,1.291730523109436,0.00013931916328147054,2.227226972579956,0.8297364711761475,1.6961902379989624,0.6449576616287231,0.7777777314186096,13,7,False
phase8_train_0005,8,1,waypoint_ping_pong,visible_low_risk,10,0.939892053604126,0.01304603461176157,2.8446359634399414,0.8452333211898804,1.1807843446731567,0.14740216732025146,0.7777777314186096,6,1,False
phase8_train_0005,8,1,waypoint_ping_pong,visible_low_risk,11,0.9083622097969055,0.04334812983870506,2.870305061340332,0.9838225841522217,1.0241857767105103,-0.027046799659729004,0.7777777314186096,3,0,True
phase8_train_0005,8,1,waypoint_ping_pong,visible_low_risk,12,1.232306718826294,0.03600514307618141,2.841484785079956,1.0349234342575073,1.0489577054977417,-0.0022748708724975586,0.7777777314186096,4,6,False
phase8_train_0005,8,1,waypoint_ping_pong,visible_low_risk,13,1.1731812953948975,0.0013474739389494061,2.5505216121673584,0.9608903527259827,1.4484622478485107,0.3972296714782715,0.7777777314186096,10,2,False
phase8_train_0005,8,1,waypoint_ping_pong,visible_low_risk,14,1.3040597438812256,7.772643584758043e-05,3.3380415439605713,0.7229427695274353,1.758305549621582,0.7070729732513428,0.7777777314186096,14,8,False
phase8_train_0005,3,1,waypoint_ping_pong,visible_low_risk,0,1.487022876739502,0.9226551651954651,2.2888057231903076,0.9399970769882202,0.37010908126831055,-0.6811234951019287,0.7777777314186096,0,5,False
phase8_train_0005,3,1,waypoint_ping_pong,visible_low_risk,1,1.7469385862350464,0.6764294505119324,1.8732481002807617,1.1154602766036987,0.4616554379463196,-0.5895771384239197,0.7777777314186096,2,7,False
phase8_train_0005,3,1,waypoint_ping_pong,visible_low_risk,2,2.890850067138672,0.6864822506904602,1.6727858781814575,1.1126567125320435,0.46205583214759827,-0.5891767740249634,0.7777777314186096,1,12,False
phase8_train_0005,3,1,waypoint_ping_pong,visible_low_risk,3,2.1619656085968018,1.0316895895812195e-05,2.109849214553833,0.5802007913589478,1.9195691347122192,0.9105582237243652,0.6666666269302368,11,10,False
phase8_train_0005,3,1,waypoint_ping_pong,visible_low_risk,4,1.519875407218933,5.609927939076442e-06,2.02999210357666,0.6664556264877319,1.9821405410766602,0.9731296300888062,0.6666666269302368,13,6,False
phase8_train_0005,3,1,waypoint_ping_pong,visible_low_risk,5,1.3313970565795898,0.05173683166503906,2.676025867462158,0.8639642596244812,1.0053465366363525,-0.04588603973388672,0.7777777314186096,4,2,False
phase8_train_0005,3,1,waypoint_ping_pong,visible_low_risk,6,2.1870930194854736,0.00359922181814909,3.157421350479126,1.0387907028198242,1.3329745531082153,0.3030426502227783,0.7777777314186096,7,11,False
phase8_train_0005,3,1,waypoint_ping_pong,visible_low_risk,7,4.185116291046143,0.0012698222417384386,3.147026300430298,1.0450778007507324,1.4346554279327393,0.40475940704345703,0.7222222089767456,8,14,False
phase8_train_0005,3,1,waypoint_ping_pong,visible_low_risk,8,3.4909274578094482,0.0010970834409818053,2.804011821746826,1.0759433507919312,1.446890950202942,0.41699492931365967,0.7222222089767456,9,13,False
phase8_train_0005,3,1,waypoint_ping_pong,visible_low_risk,9,1.4030855894088745,2.9575460303021828e-06,3.3239147663116455,0.7365187406539917,2.050825357437134,1.0418144464492798,0.6666666269302368,14,3,False
phase8_train_0005,3,1,waypoint_ping_pong,visible_low_risk,10,0.9523933529853821,0.04617171362042427,2.7373759746551514,0.7844730615615845,1.0262640714645386,-0.024968504905700684,0.7777777314186096,5,0,True
phase8_train_0005,3,1,waypoint_ping_pong,visible_low_risk,11,1.036036729812622,0.08087599277496338,2.6648247241973877,0.8606229424476624,0.9359542727470398,-0.11527830362319946,0.7777777314186096,3,1,False
phase8_train_0005,3,1,waypoint_ping_pong,visible_low_risk,12,1.9357563257217407,0.030189599841833115,2.655320405960083,0.9493029713630676,1.075859785079956,0.024627208709716797,0.7777777314186096,6,8,False
phase8_train_0005,3,1,waypoint_ping_pong,visible_low_risk,13,2.0258758068084717,0.00021243364608380944,2.576556921005249,0.9169221520423889,1.6236885786056519,0.5937925577163696,0.7222222089767456,10,9,False
phase8_train_0005,3,1,waypoint_ping_pong,visible_low_risk,14,1.4057108163833618,5.990606041450519e-06,3.2392640113830566,0.631014883518219,1.9792265892028809,0.9702156782150269,0.6666666269302368,12,4,False
phase8_train_0002,3,0,crossing,visible_high_risk,0,1.466769814491272,0.7941178679466248,1.815802812576294,0.944246768951416,0.45194363594055176,-0.5992889404296875,0.7777777314186096,0,6,False
phase8_train_0002,3,0,crossing,visible_high_risk,1,1.795763373374939,0.3393436670303345,1.7278441190719604,1.0941627025604248,0.6552464962005615,-0.39598608016967773,0.7777777314186096,1,7,False
phase8_train_0002,3,0,crossing,visible_high_risk,2,3.1335744857788086,0.2517412006855011,1.3606057167053223,1.0797432661056519,0.7256174683570862,-0.3256151080131531,0.7777777314186096,2,13,False
phase8_train_0002,3,0,crossing,visible_high_risk,3,1.8694992065429688,6.827314109614235e-07,1.3606443405151367,0.6754487752914429,2.1880717277526855,1.1994106769561768,0.6111111044883728,10,8,False
phase8_train_0002,3,0,crossing,visible_high_risk,4,1.4518861770629883,2.6315564127799007e-07,1.4353673458099365,0.676207959651947,2.2824647426605225,1.2938036918640137,0.6111111044883728,13,5,False
phase8_train_0002,3,0,crossing,visible_high_risk,5,1.3194104433059692,0.02778434194624424,2.621541738510132,0.86324542760849,1.0971708297729492,0.04593825340270996,0.7777777314186096,4,2,False
phase8_train_0002,3,0,crossing,visible_high_risk,6,2.1759414672851562,0.0006775504443794489,2.7570087909698486,1.0279840230941772,1.5102499723434448,0.4803539514541626,0.7222222089767456,7,11,False
phase8_train_0002,3,0,crossing,visible_high_risk,7,4.475752353668213,0.0006058855215087533,2.5994057655334473,0.9822304844856262,1.5130224227905273,0.4831264019012451,0.7222222089767456,8,14,False
phase8_train_0002,3,0,crossing,visible_high_risk,8,3.0684316158294678,4.768138808231015e-07,2.492295026779175,0.9368719458580017,2.219022274017334,1.2303612232208252,0.6111111044883728,11,12,False
phase8_train_0002,3,0,crossing,visible_high_risk,9,1.3882826566696167,2.0061550287664431e-07,2.4994678497314453,0.7333379983901978,2.3133513927459717,1.324690341949463,0.6111111044883728,14,3,False
phase8_train_0002,3,0,crossing,visible_high_risk,10,0.9366599321365356,0.02930612862110138,2.859307289123535,0.7861543297767639,1.0979739427566528,0.046741366386413574,0.7777777314186096,3,0,True
phase8_train_0002,3,0,crossing,visible_high_risk,11,1.0292186737060547,0.021996527910232544,2.6016294956207275,0.877360999584198,1.1214780807495117,0.07024550437927246,0.7777777314186096,5,1,False
phase8_train_0002,3,0,crossing,visible_high_risk,12,1.9629080295562744,0.00249971984885633,2.403156280517578,0.9534188508987427,1.3856029510498047,0.33437037467956543,0.7777777314186096,6,10,False
phase8_train_0002,3,0,crossing,visible_high_risk,13,1.9114348888397217,5.489323939400492e-06,2.3729443550109863,0.908698558807373,1.9897754192352295,0.9807645082473755,0.6666666269302368,9,9,False
phase8_train_0002,3,0,crossing,visible_high_risk,14,1.3936231136322021,2.71859306621991e-07,2.288382053375244,0.6268770694732666,2.283296585083008,1.294635534286499,0.6111111044883728,12,4,False
phase8_train_0004,3,1,multi_target,multi_target,0,1.6823716163635254,0.9217258095741272,3.2709543704986572,0.9402194619178772,0.42262765765190125,-0.6331926584243774,0.8333333134651184,0,5,False
phase8_train_0004,3,1,multi_target,multi_target,1,2.6772942543029785,0.5679731369018555,2.539780616760254,0.8458287119865417,0.5208547711372375,-0.5303778052330017,0.7777777314186096,1,10,False
phase8_train_0004,3,1,multi_target,multi_target,2,3.39892840385437,0.3875907361507416,1.3933600187301636,1.0122487545013428,0.5857300758361816,-0.459269642829895,0.8888888955116272,2,12,False
phase8_train_0004,3,1,multi_target,multi_target,3,1.8233001232147217,0.0024603954516351223,1.831257939338684,0.6912810802459717,1.391567587852478,0.32423996925354004,0.9444444179534912,7,7,False
phase8_train_0004,3,1,multi_target,multi_target,4,1.4806385040283203,0.00019809218065347522,1.924551248550415,0.6875860691070557,1.6509419679641724,0.6059422492980957,0.8888888955116272,10,4,False
phase8_train_0004,3,1,multi_target,multi_target,5,1.7404764890670776,0.02995711751282215,2.67339825630188,0.860542893409729,1.0928452014923096,0.04161262512207031,0.7777777314186096,3,6,False
phase8_train_0004,3,1,multi_target,multi_target,6,3.529050827026367,0.0002348069247091189,3.064795970916748,1.014953374862671,1.6149667501449585,0.5850707292556763,0.7222222089767456,9,13,False
phase8_train_0004,3,1,multi_target,multi_target,7,4.315375804901123,0.0006424901075661182,3.176577091217041,0.9736943244934082,1.505821943283081,0.47592592239379883,0.7222222089767456,8,14,False
phase8_train_0004,3,1,multi_target,multi_target,8,2.802462339401245,2.6509387680562213e-06,2.621755599975586,0.9592393636703491,2.0893380641937256,1.0663855075836182,0.8333333134651184,14,11,False
phase8_train_0004,3,1,multi_target,multi_target,9,1.4451204538345337,5.207500180404168e-06,3.3489034175872803,0.7436670660972595,2.023266553878784,0.9782668352127075,0.8888888955116272,13,3,False
phase8_train_0004,3,1,multi_target,multi_target,10,0.9641799926757812,0.02851235307753086,2.73958683013916,0.787347137928009,1.1067677736282349,0.055535197257995605,0.7777777314186096,4,0,True
phase8_train_0004,3,1,multi_target,multi_target,11,1.2921624183654785,0.023181963711977005,2.6717004776000977,0.8764086365699768,1.115160584449768,0.06392800807952881,0.7777777314186096,5,1,False
phase8_train_0004,3,1,multi_target,multi_target,12,2.0026180744171143,0.002690657740458846,2.6584150791168213,0.9611325860023499,1.3807308673858643,0.329498291015625,0.7777777314186096,6,9,False
phase8_train_0004,3,1,multi_target,multi_target,13,1.837300419807434,0.00012840090494137257,2.7140121459960938,0.9001483917236328,1.6845221519470215,0.6395224332809448,0.8888888955116272,11,8,False
phase8_train_0004,3,1,multi_target,multi_target,14,1.3760114908218384,9.338217751064803e-06,3.2026779651641846,0.6412181258201599,1.9623507261276245,0.9173510074615479,0.8888888955116272,12,2,False
phase8_train_0007,5,1,crossing_occlusion,occluded_but_tracked,0,1.8612005710601807,0.17228303849697113,2.352344512939453,0.9682418704032898,0.8377775549888611,-0.25278884172439575,0.7777777314186096,0,9,False
phase8_train_0007,5,1,crossing_occlusion,occluded_but_tracked,1,2.4029436111450195,0.02120184525847435,1.8981997966766357,1.1168180704116821,1.1550681591033936,0.07403087615966797,0.7777777314186096,1,10,False
phase8_train_0007,5,1,crossing_occlusion,occluded_but_tracked,2,2.8128662109375,0.00026265872293151915,1.4090629816055298,1.1587532758712769,1.6332097053527832,0.5646289587020874,0.7222222089767456,5,12,False
phase8_train_0007,5,1,crossing_occlusion,occluded_but_tracked,3,1.8556787967681885,5.962965587968938e-07,1.8212518692016602,1.0126280784606934,2.2276055812835693,1.2019251585006714,0.6111111044883728,9,8,False
phase8_train_0007,5,1,crossing_occlusion,occluded_but_tracked,4,1.4239959716796875,4.8795619989050465e-08,1.814942717552185,0.7523209452629089,2.47515606880188,1.4702608585357666,0.555555522441864,14,2,False
phase8_train_0007,5,1,crossing_occlusion,occluded_but_tracked,5,1.793739676475525,0.003580047283321619,2.759812593460083,0.8807709813117981,1.3711390495300293,0.28057265281677246,0.7777777314186096,3,6,False
phase8_train_0007,5,1,crossing_occlusion,occluded_but_tracked,6,2.857177495956421,2.405055784038268e-05,2.9197046756744385,1.0710736513137817,1.8828659057617188,0.8205380439758301,0.7222222089767456,7,13,False
phase8_train_0007,5,1,crossing_occlusion,occluded_but_tracked,7,3.9895308017730713,6.9611091930710245e-06,2.8677000999450684,1.1021082401275635,1.9905012845993042,0.9435685873031616,0.6666666269302368,8,14,False
phase8_train_0007,5,1,crossing_occlusion,occluded_but_tracked,8,2.404923677444458,3.2429397833766416e-07,2.822000741958618,1.042879581451416,2.291656255722046,1.265975832939148,0.6111111044883728,11,11,False
phase8_train_0007,5,1,crossing_occlusion,occluded_but_tracked,9,1.568801760673523,6.878129710230496e-08,2.530571937561035,0.8122683167457581,2.4514963626861572,1.432305932044983,0.6111111044883728,12,3,False
phase8_train_0007,5,1,crossing_occlusion,occluded_but_tracked,10,1.0259634256362915,0.005671231541782618,2.7688558101654053,0.8083259463310242,1.3219590187072754,0.23139262199401855,0.7777777314186096,2,0,True
phase8_train_0007,5,1,crossing_occlusion,occluded_but_tracked,11,1.1368458271026611,0.000845352013129741,2.5454819202423096,0.9523573517799377,1.5322104692459106,0.4449664354324341,0.7777777314186096,4,1,False
phase8_train_0007,5,1,crossing_occlusion,occluded_but_tracked,12,1.8373043537139893,4.866961171501316e-05,2.419674873352051,0.9927648305892944,1.81088387966156,0.7423031330108643,0.7222222089767456,6,7,False
phase8_train_0007,5,1,crossing_occlusion,occluded_but_tracked,13,1.690439224243164,4.7365719524350425e-07,2.683096408843994,0.9439254403114319,2.266900062561035,1.231053113937378,0.6666666269302368,10,5,False
phase8_train_0007,5,1,crossing_occlusion,occluded_but_tracked,14,1.5726982355117798,5.519290269262456e-08,3.269969940185547,0.690639853477478,2.473527431488037,1.4573553800582886,0.6111111044883728,13,4,False
