sample_index,sequence_id,frame_index,category,component,parameter_group,gradient_norm,max_abs_gradient,finite,component_total_norm_ratio
0,phase8_train_0003,12,visible_high_risk,smooth,late_mobile,1.059051513671875,0.06785885244607925,True,0.05379668896052118
0,phase8_train_0003,12,visible_high_risk,smooth,output_1x1,0.8029952049255371,0.026319818571209908,True,0.04078978474464768
0,phase8_train_0003,12,visible_high_risk,smooth,trajectory_output_branch,1.6032302379608154,0.26216310262680054,True,0.081439360909504
0,phase8_train_0003,12,visible_high_risk,smooth,score_output_branch,0.0,0.0,True,0.0
0,phase8_train_0003,12,visible_high_risk,smooth,shared_head_trunk,1.0310310125350952,0.06353946030139923,True,0.05237333026199397
0,phase8_train_0003,12,visible_high_risk,smooth,all,2.3237392902374268,0.26216310262680054,True,0.11803909272441367
0,phase8_train_0003,12,visible_high_risk,static,late_mobile,5.797458171844482,0.2912037968635559,True,0.29449375219813917
0,phase8_train_0003,12,visible_high_risk,static,output_1x1,4.109450817108154,0.12779858708381653,True,0.20874796414768396
0,phase8_train_0003,12,visible_high_risk,static,trajectory_output_branch,8.972323417663574,1.847865343093872,True,0.455767529645207
0,phase8_train_0003,12,visible_high_risk,static,score_output_branch,0.0,0.0,True,0.0
0,phase8_train_0003,12,visible_high_risk,static,shared_head_trunk,5.175642013549805,0.37240147590637207,True,0.26290732790568566
0,phase8_train_0003,12,visible_high_risk,static,all,12.561368942260742,1.847865343093872,True,0.6380804419628281
0,phase8_train_0003,12,visible_high_risk,guidance,late_mobile,4.385261535644531,0.33146774768829346,True,0.222758334035769
0,phase8_train_0003,12,visible_high_risk,guidance,output_1x1,2.338167190551758,0.11829560250043869,True,0.11877198744723255
0,phase8_train_0003,12,visible_high_risk,guidance,trajectory_output_branch,1.011539340019226,0.19892853498458862,True,0.05138321086730942
0,phase8_train_0003,12,visible_high_risk,guidance,score_output_branch,0.0,0.0,True,0.0
0,phase8_train_0003,12,visible_high_risk,guidance,shared_head_trunk,2.9346349239349365,0.18599189817905426,True,0.149070786621362
0,phase8_train_0003,12,visible_high_risk,guidance,all,5.85942268371582,0.33146774768829346,True,0.29764136638753325
0,phase8_train_0003,12,visible_high_risk,dynamic_raw,late_mobile,2.411637783050537,0.1333761066198349,True,0.12250407654901596
0,phase8_train_0003,12,visible_high_risk,dynamic_raw,output_1x1,1.5247902870178223,0.05696823447942734,True,0.0774548430758737
0,phase8_train_0003,12,visible_high_risk,dynamic_raw,trajectory_output_branch,2.301110029220581,0.4394811689853668,True,0.11688959310082228
0,phase8_train_0003,12,visible_high_risk,dynamic_raw,score_output_branch,0.0,0.0,True,0.0
0,phase8_train_0003,12,visible_high_risk,dynamic_raw,shared_head_trunk,1.8297276496887207,0.10731542110443115,True,0.0929447604597514
0,phase8_train_0003,12,visible_high_risk,dynamic_raw,all,4.096827030181885,0.4394811689853668,True,0.20810671305648648
0,phase8_train_0003,12,visible_high_risk,dynamic_weighted,late_mobile,0.2411540448665619,0.01333541888743639,True,0.012249913224974155
0,phase8_train_0003,12,visible_high_risk,dynamic_weighted,output_1x1,0.15249110758304596,0.005698964931070805,True,0.007746097879080304
0,phase8_train_0003,12,visible_high_risk,dynamic_weighted,trajectory_output_branch,0.2301110029220581,0.04394812136888504,True,0.011688959310082228
0,phase8_train_0003,12,visible_high_risk,dynamic_weighted,score_output_branch,0.0,0.0,True,0.0
0,phase8_train_0003,12,visible_high_risk,dynamic_weighted,shared_head_trunk,0.18297924101352692,0.0107338922098279,True,0.009294805009916455
0,phase8_train_0003,12,visible_high_risk,dynamic_weighted,all,0.4096843898296356,0.04394812136888504,True,0.020810756990688125
0,phase8_train_0003,12,visible_high_risk,score,late_mobile,5.822843074798584,0.30909985303878784,True,0.2957832302932887
0,phase8_train_0003,12,visible_high_risk,score,output_1x1,4.732196807861328,0.17068913578987122,True,0.24038162118274664
0,phase8_train_0003,12,visible_high_risk,score,trajectory_output_branch,0.0,0.0,True,0.0
0,phase8_train_0003,12,visible_high_risk,score,score_output_branch,1.7048335075378418,0.3567604422569275,True,0.08660050691632683
0,phase8_train_0003,12,visible_high_risk,score,shared_head_trunk,6.963763236999512,0.7631275057792664,True,0.35373860479807157
0,phase8_train_0003,12,visible_high_risk,score,all,10.377843856811523,0.7631275057792664,True,0.5271638167156434
0,phase8_train_0003,12,visible_high_risk,total,late_mobile,10.581390380859375,0.46303072571754456,True,0.5375033789577405
0,phase8_train_0003,12,visible_high_risk,total,output_1x1,7.408721923828125,0.2803727388381958,True,0.3763411918928267
0,phase8_train_0003,12,visible_high_risk,total,trajectory_output_branch,10.209141731262207,2.0731425285339355,True,0.5185942470035063
0,phase8_train_0003,12,visible_high_risk,total,score_output_branch,1.7048335075378418,0.3567604422569275,True,0.08660050691632683
0,phase8_train_0003,12,visible_high_risk,total,shared_head_trunk,10.656351089477539,1.095097541809082,True,0.541311161557295
0,phase8_train_0003,12,visible_high_risk,total,all,19.68618392944336,2.0731425285339355,True,1.0
1,phase8_train_0006,8,temporally_separated,smooth,late_mobile,0.9001812934875488,0.055435992777347565,True,0.04110246540286977
1,phase8_train_0006,8,temporally_separated,smooth,output_1x1,0.6704450249671936,0.022505924105644226,True,0.030612659519369805
1,phase8_train_0006,8,temporally_separated,smooth,trajectory_output_branch,1.4561264514923096,0.24012134969234467,True,0.06648703714202879
1,phase8_train_0006,8,temporally_separated,smooth,score_output_branch,0.0,0.0,True,0.0
1,phase8_train_0006,8,temporally_separated,smooth,shared_head_trunk,1.0047448873519897,0.049372024834156036,True,0.045876860883320124
1,phase8_train_0006,8,temporally_separated,smooth,all,2.095146417617798,0.24012134969234467,True,0.09566482192764342
1,phase8_train_0006,8,temporally_separated,static,late_mobile,7.65069055557251,0.4185844659805298,True,0.3493321246992023
1,phase8_train_0006,8,temporally_separated,static,output_1x1,6.21276330947876,0.27165061235427856,True,0.28367606706726295
1,phase8_train_0006,8,temporally_separated,static,trajectory_output_branch,11.59658432006836,2.084104061126709,True,0.5295024560668287
1,phase8_train_0006,8,temporally_separated,static,score_output_branch,0.0,0.0,True,0.0
1,phase8_train_0006,8,temporally_separated,static,shared_head_trunk,6.77298641204834,0.8280041217803955,True,0.3092559706465113
1,phase8_train_0006,8,temporally_separated,static,all,16.657899856567383,2.084104061126709,True,0.7606031779291808
1,phase8_train_0006,8,temporally_separated,guidance,late_mobile,4.302250862121582,0.2338932752609253,True,0.19644167068804447
1,phase8_train_0006,8,temporally_separated,guidance,output_1x1,2.8299214839935303,0.11895128339529037,True,0.1292148045401377
1,phase8_train_0006,8,temporally_separated,guidance,trajectory_output_branch,2.7128746509552,0.6783542633056641,True,0.12387042175827091
1,phase8_train_0006,8,temporally_separated,guidance,score_output_branch,0.0,0.0,True,0.0
1,phase8_train_0006,8,temporally_separated,guidance,shared_head_trunk,3.834768056869507,0.2640513479709625,True,0.17509630840566806
1,phase8_train_0006,8,temporally_separated,guidance,all,6.970147609710693,0.6783542633056641,True,0.31825839200800043
1,phase8_train_0006,8,temporally_separated,dynamic_raw,late_mobile,2.4371590614318848,0.15121711790561676,True,0.11128119049852282
1,phase8_train_0006,8,temporally_separated,dynamic_raw,output_1x1,1.9750193357467651,0.0916375070810318,True,0.09017979434234165
1,phase8_train_0006,8,temporally_separated,dynamic_raw,trajectory_output_branch,3.8015236854553223,0.8444445729255676,True,0.173578363480821
1,phase8_train_0006,8,temporally_separated,dynamic_raw,score_output_branch,0.0,0.0,True,0.0
1,phase8_train_0006,8,temporally_separated,dynamic_raw,shared_head_trunk,2.6632492542266846,0.17475448548793793,True,0.12160451580477676
1,phase8_train_0006,8,temporally_separated,dynamic_raw,all,5.602224826812744,0.8444445729255676,True,0.2557987527501913
1,phase8_train_0006,8,temporally_separated,dynamic_weighted,late_mobile,0.24372082948684692,0.015128538943827152,True,0.011128343850749449
1,phase8_train_0006,8,temporally_separated,dynamic_weighted,output_1x1,0.19747501611709595,0.00916320737451315,True,0.0090167503775131
1,phase8_train_0006,8,temporally_separated,dynamic_weighted,trajectory_output_branch,0.38015231490135193,0.08444444090127945,True,0.017357833898677653
1,phase8_train_0006,8,temporally_separated,dynamic_weighted,score_output_branch,0.0,0.0,True,0.0
1,phase8_train_0006,8,temporally_separated,dynamic_weighted,shared_head_trunk,0.2662944793701172,0.01747298426926136,True,0.012159061407375106
1,phase8_train_0006,8,temporally_separated,dynamic_weighted,all,0.5602006316184998,0.08444444090127945,True,0.02557887755094043
1,phase8_train_0006,8,temporally_separated,score,late_mobile,5.947890758514404,0.2812621593475342,True,0.27158193120713703
1,phase8_train_0006,8,temporally_separated,score,output_1x1,4.619112491607666,0.14666476845741272,True,0.21090963870478802
1,phase8_train_0006,8,temporally_separated,score,trajectory_output_branch,0.0,0.0,True,0.0
1,phase8_train_0006,8,temporally_separated,score,score_output_branch,0.9696033596992493,0.21961133182048798,True,0.044272291409370335
1,phase8_train_0006,8,temporally_separated,score,shared_head_trunk,6.692233562469482,0.7906577587127686,True,0.3055687787108303
1,phase8_train_0006,8,temporally_separated,score,all,10.12125015258789,0.7906577587127686,True,0.46213839061107786
1,phase8_train_0006,8,temporally_separated,total,late_mobile,11.7079439163208,0.5798189640045166,True,0.5345871584321826
1,phase8_train_0006,8,temporally_separated,total,output_1x1,8.532559394836426,0.30785635113716125,True,0.3895984396270356
1,phase8_train_0006,8,temporally_separated,total,trajectory_output_branch,12.502870559692383,2.245234251022339,True,0.5708836745821838
1,phase8_train_0006,8,temporally_separated,total,score_output_branch,0.9696033596992493,0.21961133182048798,True,0.044272291409370335
1,phase8_train_0006,8,temporally_separated,total,shared_head_trunk,10.606948852539062,0.8928040862083435,True,0.48431549444048333
1,phase8_train_0006,8,temporally_separated,total,all,21.900907516479492,2.245234251022339,True,1.0
2,phase8_train_0006,13,temporally_separated,smooth,late_mobile,1.2458699941635132,0.08038081973791122,True,0.053521969013215494
2,phase8_train_0006,13,temporally_separated,smooth,output_1x1,0.9408339262008667,0.030618302524089813,True,0.040417767889589146
2,phase8_train_0006,13,temporally_separated,smooth,trajectory_output_branch,1.7802467346191406,0.3120095133781433,True,0.07647853388598302
2,phase8_train_0006,13,temporally_separated,smooth,score_output_branch,0.0,0.0,True,0.0
2,phase8_train_0006,13,temporally_separated,smooth,shared_head_trunk,1.2222745418548584,0.07815096527338028,True,0.05250831985781985
2,phase8_train_0006,13,temporally_separated,smooth,all,2.66469407081604,0.3120095133781433,True,0.11447396129294463
2,phase8_train_0006,13,temporally_separated,static,late_mobile,9.975310325622559,0.6084282398223877,True,0.42853448003910116
2,phase8_train_0006,13,temporally_separated,static,output_1x1,5.789198875427246,0.2205314040184021,True,0.24870116807813025
2,phase8_train_0006,13,temporally_separated,static,trajectory_output_branch,10.313399314880371,2.083319902420044,True,0.4430586185860892
2,phase8_train_0006,13,temporally_separated,static,score_output_branch,0.0,0.0,True,0.0
2,phase8_train_0006,13,temporally_separated,static,shared_head_trunk,7.264646053314209,0.48344212770462036,True,0.31208566124791925
2,phase8_train_0006,13,temporally_separated,static,all,17.0927734375,2.083319902420044,True,0.7342972337061684
2,phase8_train_0006,13,temporally_separated,guidance,late_mobile,4.329099655151367,0.25430119037628174,True,0.1859760157027458
2,phase8_train_0006,13,temporally_separated,guidance,output_1x1,2.800844669342041,0.12115027755498886,True,0.12032292478799368
2,phase8_train_0006,13,temporally_separated,guidance,trajectory_output_branch,1.051038384437561,0.22157599031925201,True,0.04515209781686439
2,phase8_train_0006,13,temporally_separated,guidance,score_output_branch,0.0,0.0,True,0.0
2,phase8_train_0006,13,temporally_separated,guidance,shared_head_trunk,3.9126949310302734,0.22271153330802917,True,0.16808747127534007
2,phase8_train_0006,13,temporally_separated,guidance,all,6.55741548538208,0.25430119037628174,True,0.28170338001521605
2,phase8_train_0006,13,temporally_separated,dynamic_raw,late_mobile,3.7115864753723145,0.21160666644573212,True,0.15944794983053015
2,phase8_train_0006,13,temporally_separated,dynamic_raw,output_1x1,2.389392137527466,0.06684671342372894,True,0.10264712413354872
2,phase8_train_0006,13,temporally_separated,dynamic_raw,trajectory_output_branch,4.7062602043151855,0.9623129367828369,True,0.20217864946061756
2,phase8_train_0006,13,temporally_separated,dynamic_raw,score_output_branch,0.0,0.0,True,0.0
2,phase8_train_0006,13,temporally_separated,dynamic_raw,shared_head_trunk,2.6096367835998535,0.1424027532339096,True,0.11210872701156607
2,phase8_train_0006,13,temporally_separated,dynamic_raw,all,6.960183620452881,0.9623129367828369,True,0.2990061032092548
2,phase8_train_0006,13,temporally_separated,dynamic_weighted,late_mobile,0.3711087703704834,0.02115941047668457,True,0.015942652284227567
2,phase8_train_0006,13,temporally_separated,dynamic_weighted,output_1x1,0.23892663419246674,0.006684146821498871,True,0.010264172001563392
2,phase8_train_0006,13,temporally_separated,dynamic_weighted,trajectory_output_branch,0.47062599658966064,0.09623128920793533,True,0.020217863921827135
2,phase8_train_0006,13,temporally_separated,dynamic_weighted,score_output_branch,0.0,0.0,True,0.0
2,phase8_train_0006,13,temporally_separated,dynamic_weighted,shared_head_trunk,0.2609553039073944,0.014239316806197166,True,0.011210512938746264
2,phase8_train_0006,13,temporally_separated,dynamic_weighted,all,0.6959843039512634,0.09623128920793533,True,0.029899147201770532
2,phase8_train_0006,13,temporally_separated,score,late_mobile,6.051304340362549,0.340697705745697,True,0.25996109137524803
2,phase8_train_0006,13,temporally_separated,score,output_1x1,4.416550636291504,0.14725619554519653,True,0.1897328673202376
2,phase8_train_0006,13,temporally_separated,score,trajectory_output_branch,0.0,0.0,True,0.0
2,phase8_train_0006,13,temporally_separated,score,score_output_branch,1.055704951286316,0.2086326628923416,True,0.04535257125907523
2,phase8_train_0006,13,temporally_separated,score,shared_head_trunk,6.2303972244262695,0.4883652627468109,True,0.26765483457176953
2,phase8_train_0006,13,temporally_separated,score,all,9.8008451461792,0.4883652627468109,True,0.42103954078235956
2,phase8_train_0006,13,temporally_separated,total,late_mobile,13.60384464263916,0.77091383934021,True,0.5844145495395656
2,phase8_train_0006,13,temporally_separated,total,output_1x1,8.203489303588867,0.30380338430404663,True,0.3524179106678952
2,phase8_train_0006,13,temporally_separated,total,trajectory_output_branch,11.521844863891602,2.250943660736084,True,0.4949728516371571
2,phase8_train_0006,13,temporally_separated,total,score_output_branch,1.055704951286316,0.2086326628923416,True,0.04535257125907523
2,phase8_train_0006,13,temporally_separated,total,shared_head_trunk,12.4749174118042,0.8360663056373596,True,0.5359163847631581
2,phase8_train_0006,13,temporally_separated,total,all,23.27773094177246,2.250943660736084,True,1.0
3,phase8_train_0005,8,visible_low_risk,smooth,late_mobile,0.7314071655273438,0.02898765541613102,True,0.04504911232920292
3,phase8_train_0005,8,visible_low_risk,smooth,output_1x1,0.5781537890434265,0.021097805351018906,True,0.035609871236895754
3,phase8_train_0005,8,visible_low_risk,smooth,trajectory_output_branch,1.2922676801681519,0.2508338391780853,True,0.07959384953703622
3,phase8_train_0005,8,visible_low_risk,smooth,score_output_branch,0.0,0.0,True,0.0
3,phase8_train_0005,8,visible_low_risk,smooth,shared_head_trunk,0.8459511995315552,0.04852218180894852,True,0.05210415266473932
3,phase8_train_0005,8,visible_low_risk,smooth,all,1.8041083812713623,0.2508338391780853,True,0.11111933947673586
3,phase8_train_0005,8,visible_low_risk,static,late_mobile,6.419504642486572,0.314983993768692,True,0.39539260670041343
3,phase8_train_0005,8,visible_low_risk,static,output_1x1,4.412692070007324,0.13050124049186707,True,0.2717882324718778
3,phase8_train_0005,8,visible_low_risk,static,trajectory_output_branch,9.08668327331543,1.954568862915039,True,0.5596705019759238
3,phase8_train_0005,8,visible_low_risk,static,score_output_branch,0.0,0.0,True,0.0
3,phase8_train_0005,8,visible_low_risk,static,shared_head_trunk,5.599814414978027,0.29586371779441833,True,0.34490592995647085
3,phase8_train_0005,8,visible_low_risk,static,all,13.21391773223877,1.954568862915039,True,0.8138767191312349
3,phase8_train_0005,8,visible_low_risk,guidance,late_mobile,3.2636027336120605,0.21893103420734406,True,0.20101307872528215
3,phase8_train_0005,8,visible_low_risk,guidance,output_1x1,2.122065544128418,0.06755069643259048,True,0.13070307972502124
3,phase8_train_0005,8,visible_low_risk,guidance,trajectory_output_branch,1.3244056701660156,0.3092150092124939,True,0.08157330501639937
3,phase8_train_0005,8,visible_low_risk,guidance,score_output_branch,0.0,0.0,True,0.0
3,phase8_train_0005,8,visible_low_risk,guidance,shared_head_trunk,2.3850009441375732,0.13070744276046753,True,0.14689789832759276
3,phase8_train_0005,8,visible_low_risk,guidance,all,4.75358247756958,0.3092150092124939,True,0.29278448597610424
3,phase8_train_0005,8,visible_low_risk,dynamic_raw,late_mobile,0.8546289801597595,0.05088631808757782,True,0.052638637877235564
3,phase8_train_0005,8,visible_low_risk,dynamic_raw,output_1x1,0.6560577750205994,0.018810678273439407,True,0.040408163597961094
3,phase8_train_0005,8,visible_low_risk,dynamic_raw,trajectory_output_branch,1.2472295761108398,0.2685859203338623,True,0.07681984525542745
3,phase8_train_0005,8,visible_low_risk,dynamic_raw,score_output_branch,0.0,0.0,True,0.0
3,phase8_train_0005,8,visible_low_risk,dynamic_raw,shared_head_trunk,0.8267001509666443,0.07142448425292969,True,0.05091843465412846
3,phase8_train_0005,8,visible_low_risk,dynamic_raw,all,1.843859314918518,0.2685859203338623,True,0.11356769431855682
3,phase8_train_0005,8,visible_low_risk,dynamic_weighted,late_mobile,0.08544318377971649,0.0050859772600233555,True,0.005262649540877757
3,phase8_train_0005,8,visible_low_risk,dynamic_weighted,output_1x1,0.06559207290410995,0.0018808284075930715,True,0.0040399722609116935
3,phase8_train_0005,8,visible_low_risk,dynamic_weighted,trajectory_output_branch,0.12472295016050339,0.026858586817979813,True,0.007681984066643712
3,phase8_train_0005,8,visible_low_risk,dynamic_weighted,score_output_branch,0.0,0.0,True,0.0
3,phase8_train_0005,8,visible_low_risk,dynamic_weighted,shared_head_trunk,0.08265655487775803,0.007141278591006994,True,0.005091014418416768
3,phase8_train_0005,8,visible_low_risk,dynamic_weighted,all,0.1843658834695816,0.026858586817979813,True,0.011355534626333128
3,phase8_train_0005,8,visible_low_risk,score,late_mobile,3.063526153564453,0.1130274087190628,True,0.18868988481384588
3,phase8_train_0005,8,visible_low_risk,score,output_1x1,2.916140079498291,0.08819155395030975,True,0.17961202487576391
3,phase8_train_0005,8,visible_low_risk,score,trajectory_output_branch,0.0,0.0,True,0.0
3,phase8_train_0005,8,visible_low_risk,score,score_output_branch,1.8721574544906616,0.4619418978691101,True,0.11531064424901562
3,phase8_train_0005,8,visible_low_risk,score,shared_head_trunk,5.231170177459717,0.44417229294776917,True,0.32220025184966417
3,phase8_train_0005,8,visible_low_risk,score,all,6.982777118682861,0.4619418978691101,True,0.4300859023749501
3,phase8_train_0005,8,visible_low_risk,total,late_mobile,7.748478889465332,0.35677623748779297,True,0.4772473012625025
3,phase8_train_0005,8,visible_low_risk,total,output_1x1,5.594973087310791,0.18368086218833923,True,0.3446077410349191
3,phase8_train_0005,8,visible_low_risk,total,trajectory_output_branch,9.95376205444336,2.190262794494629,True,0.6130759527977481
3,phase8_train_0005,8,visible_low_risk,total,score_output_branch,1.8721574544906616,0.4619418978691101,True,0.11531064424901562
3,phase8_train_0005,8,visible_low_risk,total,shared_head_trunk,8.347173690795898,0.5860987901687622,True,0.5141223424532798
3,phase8_train_0005,8,visible_low_risk,total,all,16.23577308654785,2.190262794494629,True,1.0
4,phase8_train_0005,3,visible_low_risk,smooth,late_mobile,1.0773736238479614,0.06791029870510101,True,0.05597644046507134
4,phase8_train_0005,3,visible_low_risk,smooth,output_1x1,0.7896525263786316,0.02973557449877262,True,0.04102749190485511
4,phase8_train_0005,3,visible_low_risk,smooth,trajectory_output_branch,1.4795780181884766,0.2377963364124298,True,0.07687352745164591
4,phase8_train_0005,3,visible_low_risk,smooth,score_output_branch,0.0,0.0,True,0.0
4,phase8_train_0005,3,visible_low_risk,smooth,shared_head_trunk,1.1031337976455688,0.07143986225128174,True,0.05731484601263016
4,phase8_train_0005,3,visible_low_risk,smooth,all,2.2782318592071533,0.2377963364124298,True,0.1183686951394446
4,phase8_train_0005,3,visible_low_risk,static,late_mobile,5.869294166564941,0.3539535701274872,True,0.30494731652450097
4,phase8_train_0005,3,visible_low_risk,static,output_1x1,4.249312877655029,0.11132042855024338,True,0.22077894246563126
4,phase8_train_0005,3,visible_low_risk,static,trajectory_output_branch,8.980328559875488,1.8877822160720825,True,0.4665854220500103
4,phase8_train_0005,3,visible_low_risk,static,score_output_branch,0.0,0.0,True,0.0
4,phase8_train_0005,3,visible_low_risk,static,shared_head_trunk,5.27878475189209,0.4274633526802063,True,0.274266581111246
4,phase8_train_0005,3,visible_low_risk,static,all,12.689252853393555,1.8877822160720825,True,0.6592877263481792
4,phase8_train_0005,3,visible_low_risk,guidance,late_mobile,3.682514190673828,0.2187507152557373,True,0.19133013078582983
4,phase8_train_0005,3,visible_low_risk,guidance,output_1x1,2.7128403186798096,0.11607250571250916,True,0.14094938025998607
4,phase8_train_0005,3,visible_low_risk,guidance,trajectory_output_branch,1.445383906364441,0.33322492241859436,True,0.075096924959803
4,phase8_train_0005,3,visible_low_risk,guidance,score_output_branch,0.0,0.0,True,0.0
4,phase8_train_0005,3,visible_low_risk,guidance,shared_head_trunk,4.619742393493652,0.3356674611568451,True,0.24002512158201553
4,phase8_train_0005,3,visible_low_risk,guidance,all,6.65969705581665,0.3356674611568451,True,0.34601379457284637
4,phase8_train_0005,3,visible_low_risk,dynamic_raw,late_mobile,3.0738465785980225,0.26181352138519287,True,0.15970596104916052
4,phase8_train_0005,3,visible_low_risk,dynamic_raw,output_1x1,2.265580177307129,0.0901055559515953,True,0.11771135946407292
4,phase8_train_0005,3,visible_low_risk,dynamic_raw,trajectory_output_branch,4.902410507202148,1.0276471376419067,True,0.2547115353646965
4,phase8_train_0005,3,visible_low_risk,dynamic_raw,score_output_branch,0.0,0.0,True,0.0
4,phase8_train_0005,3,visible_low_risk,dynamic_raw,shared_head_trunk,2.8768553733825684,0.19734087586402893,True,0.1494710098430025
4,phase8_train_0005,3,visible_low_risk,dynamic_raw,all,6.847723007202148,1.0276471376419067,True,0.3557829435854493
4,phase8_train_0005,3,visible_low_risk,dynamic_weighted,late_mobile,0.30738940834999084,0.026183132082223892,True,0.015970842923220617
4,phase8_train_0005,3,visible_low_risk,dynamic_weighted,output_1x1,0.22656776010990143,0.009008856490254402,True,0.011771642125226378
4,phase8_train_0005,3,visible_low_risk,dynamic_weighted,trajectory_output_branch,0.49024108052253723,0.10276471078395844,True,0.02547115508489063
4,phase8_train_0005,3,visible_low_risk,dynamic_weighted,score_output_branch,0.0,0.0,True,0.0
4,phase8_train_0005,3,visible_low_risk,dynamic_weighted,shared_head_trunk,0.28770264983177185,0.019735708832740784,True,0.014947990087628241
4,phase8_train_0005,3,visible_low_risk,dynamic_weighted,all,0.6847849488258362,0.10276471078395844,True,0.035578951508409784
4,phase8_train_0005,3,visible_low_risk,score,late_mobile,4.665474891662598,0.20788392424583435,True,0.24240121693501834
4,phase8_train_0005,3,visible_low_risk,score,output_1x1,3.7750799655914307,0.13542865216732025,True,0.19613951396923474
4,phase8_train_0005,3,visible_low_risk,score,trajectory_output_branch,0.0,0.0,True,0.0
4,phase8_train_0005,3,visible_low_risk,score,score_output_branch,1.8216572999954224,0.4037141501903534,True,0.09464673084974866
4,phase8_train_0005,3,visible_low_risk,score,shared_head_trunk,6.121291637420654,0.6879561543464661,True,0.31804019453122484
4,phase8_train_0005,3,visible_low_risk,score,all,8.763934135437012,0.6879561543464661,True,0.4553423496854847
4,phase8_train_0005,3,visible_low_risk,total,late_mobile,9.534414291381836,0.46244192123413086,True,0.49537371450090056
4,phase8_train_0005,3,visible_low_risk,total,output_1x1,7.070466041564941,0.19379320740699768,True,0.3673558667812911
4,phase8_train_0005,3,visible_low_risk,total,trajectory_output_branch,9.86876392364502,2.0228140354156494,True,0.512745313239371
4,phase8_train_0005,3,visible_low_risk,total,score_output_branch,1.8216572999954224,0.4037141501903534,True,0.09464673084974866
4,phase8_train_0005,3,visible_low_risk,total,shared_head_trunk,11.350600242614746,1.1263107061386108,True,0.5897361738393656
4,phase8_train_0005,3,visible_low_risk,total,all,19.246912002563477,2.0228140354156494,True,1.0
5,phase8_train_0002,3,visible_high_risk,smooth,late_mobile,1.3602263927459717,0.09737808257341385,True,0.06486803094271214
5,phase8_train_0002,3,visible_high_risk,smooth,output_1x1,0.9040181636810303,0.030117150396108627,True,0.04311185147352637
5,phase8_train_0002,3,visible_high_risk,smooth,trajectory_output_branch,1.6770731210708618,0.2840921878814697,True,0.07997817987577617
5,phase8_train_0002,3,visible_high_risk,smooth,score_output_branch,0.0,0.0,True,0.0
5,phase8_train_0002,3,visible_high_risk,smooth,shared_head_trunk,1.2527718544006348,0.08922078460454941,True,0.059743616098615
5,phase8_train_0002,3,visible_high_risk,smooth,all,2.6550850868225098,0.2840921878814697,True,0.1266187323566371
5,phase8_train_0002,3,visible_high_risk,static,late_mobile,7.570963382720947,0.516196072101593,True,0.36105275533217845
5,phase8_train_0002,3,visible_high_risk,static,output_1x1,4.931634426116943,0.17906510829925537,True,0.23518541932250395
5,phase8_train_0002,3,visible_high_risk,static,trajectory_output_branch,9.625265121459961,1.9072208404541016,True,0.4590206446959281
5,phase8_train_0002,3,visible_high_risk,static,score_output_branch,0.0,0.0,True,0.0
5,phase8_train_0002,3,visible_high_risk,static,shared_head_trunk,5.7579240798950195,0.4661584198474884,True,0.27459046477285287
5,phase8_train_0002,3,visible_high_risk,static,all,14.402774810791016,1.9072208404541016,True,0.6868559874075223
5,phase8_train_0002,3,visible_high_risk,guidance,late_mobile,3.58780837059021,0.20088252425193787,True,0.17109950640652763
5,phase8_train_0002,3,visible_high_risk,guidance,output_1x1,2.7380096912384033,0.10706881433725357,True,0.13057333567403273
5,phase8_train_0002,3,visible_high_risk,guidance,trajectory_output_branch,1.203532338142395,0.2569923996925354,True,0.057395425767007326
5,phase8_train_0002,3,visible_high_risk,guidance,score_output_branch,0.0,0.0,True,0.0
5,phase8_train_0002,3,visible_high_risk,guidance,shared_head_trunk,4.671349048614502,0.32948899269104004,True,0.22277263273653078
5,phase8_train_0002,3,visible_high_risk,guidance,all,6.605986595153809,0.32948899269104004,True,0.3150338393276614
5,phase8_train_0002,3,visible_high_risk,dynamic_raw,late_mobile,4.304020881652832,0.3508940041065216,True,0.20525506725796613
5,phase8_train_0002,3,visible_high_risk,dynamic_raw,output_1x1,2.7430779933929443,0.09083403646945953,True,0.13081503866019822
5,phase8_train_0002,3,visible_high_risk,dynamic_raw,trajectory_output_branch,5.1020379066467285,1.0500892400741577,True,0.24331181527151735
5,phase8_train_0002,3,visible_high_risk,dynamic_raw,score_output_branch,0.0,0.0,True,0.0
5,phase8_train_0002,3,visible_high_risk,dynamic_raw,shared_head_trunk,2.936249256134033,0.17631909251213074,True,0.1400272106306563
5,phase8_train_0002,3,visible_high_risk,dynamic_raw,all,7.791111946105957,1.0500892400741577,True,0.37155145165053416
5,phase8_train_0002,3,visible_high_risk,dynamic_weighted,late_mobile,0.4304526448249817,0.035084985196590424,True,0.020527917729570085
5,phase8_train_0002,3,visible_high_risk,dynamic_weighted,output_1x1,0.2743259370326996,0.009082176722586155,True,0.013082368837074131
5,phase8_train_0002,3,visible_high_risk,dynamic_weighted,trajectory_output_branch,0.5102037787437439,0.10500892251729965,True,0.02433118095865285
5,phase8_train_0002,3,visible_high_risk,dynamic_weighted,score_output_branch,0.0,0.0,True,0.0
5,phase8_train_0002,3,visible_high_risk,dynamic_weighted,shared_head_trunk,0.2936370074748993,0.017629532143473625,True,0.014003297236686097
5,phase8_train_0002,3,visible_high_risk,dynamic_weighted,all,0.7791500687599182,0.10500892251729965,True,0.037156999039919085
5,phase8_train_0002,3,visible_high_risk,score,late_mobile,5.636613368988037,0.3074643909931183,True,0.26880526093416646
5,phase8_train_0002,3,visible_high_risk,score,output_1x1,4.341106414794922,0.1343005895614624,True,0.20702364455084724
5,phase8_train_0002,3,visible_high_risk,score,trajectory_output_branch,0.0,0.0,True,0.0
5,phase8_train_0002,3,visible_high_risk,score,score_output_branch,1.0077606439590454,0.2659251391887665,True,0.04805924144966306
5,phase8_train_0002,3,visible_high_risk,score,shared_head_trunk,6.720887660980225,0.5517562627792358,True,0.32051337268558416
5,phase8_train_0002,3,visible_high_risk,score,all,9.838827133178711,0.5517562627792358,True,0.46920523401005926
5,phase8_train_0002,3,visible_high_risk,total,late_mobile,11.121164321899414,0.6123059988021851,True,0.5303587955646172
5,phase8_train_0002,3,visible_high_risk,total,output_1x1,7.691371440887451,0.23141373693943024,True,0.36679491243525364
5,phase8_train_0002,3,visible_high_risk,total,trajectory_output_branch,10.508247375488281,2.043975353240967,True,0.5011293116660974
5,phase8_train_0002,3,visible_high_risk,total,score_output_branch,1.0077606439590454,0.2659251391887665,True,0.04805924144966306
5,phase8_train_0002,3,visible_high_risk,total,shared_head_trunk,12.05936336517334,0.898406445980072,True,0.5751007038925801
5,phase8_train_0002,3,visible_high_risk,total,all,20.969133377075195,2.043975353240967,True,1.0
6,phase8_train_0004,3,multi_target,smooth,late_mobile,1.1410149335861206,0.050559692084789276,True,0.06425610710231291
6,phase8_train_0004,3,multi_target,smooth,output_1x1,0.8404585123062134,0.028055859729647636,True,0.04733031145531673
6,phase8_train_0004,3,multi_target,smooth,trajectory_output_branch,1.6956089735031128,0.29074928164482117,True,0.09548799809536883
6,phase8_train_0004,3,multi_target,smooth,score_output_branch,0.0,0.0,True,0.0
6,phase8_train_0004,3,multi_target,smooth,shared_head_trunk,1.1632059812545776,0.06986072659492493,True,0.0655057930562166
6,phase8_train_0004,3,multi_target,smooth,all,2.4972832202911377,0.29074928164482117,True,0.1406341786987004
6,phase8_train_0004,3,multi_target,static,late_mobile,5.410393238067627,0.33375105261802673,True,0.30468558923962874
6,phase8_train_0004,3,multi_target,static,output_1x1,3.8249082565307617,0.12410657107830048,True,0.2153992093825749
6,phase8_train_0004,3,multi_target,static,trajectory_output_branch,7.14793062210083,1.430479884147644,True,0.4025347803030718
6,phase8_train_0004,3,multi_target,static,score_output_branch,0.0,0.0,True,0.0
6,phase8_train_0004,3,multi_target,static,shared_head_trunk,5.383563041687012,0.4289308786392212,True,0.30317465023132806
6,phase8_train_0004,3,multi_target,static,all,11.134537696838379,1.430479884147644,True,0.6270400375340806
6,phase8_train_0004,3,multi_target,guidance,late_mobile,3.8336379528045654,0.3324451744556427,True,0.21589082108916074
6,phase8_train_0004,3,multi_target,guidance,output_1x1,2.672191858291626,0.10283169895410538,True,0.1504841358251649
6,phase8_train_0004,3,multi_target,guidance,trajectory_output_branch,2.0956521034240723,0.5276568531990051,True,0.11801637475820197
6,phase8_train_0004,3,multi_target,guidance,score_output_branch,0.0,0.0,True,0.0
6,phase8_train_0004,3,multi_target,guidance,shared_head_trunk,4.019439697265625,0.2760798931121826,True,0.22635422208459152
6,phase8_train_0004,3,multi_target,guidance,all,6.510379791259766,0.5276568531990051,True,0.3666311884535441
6,phase8_train_0004,3,multi_target,dynamic_raw,late_mobile,10.351707458496094,1.8356561660766602,True,0.5829550548075557
6,phase8_train_0004,3,multi_target,dynamic_raw,output_1x1,5.8238301277160645,0.28741392493247986,True,0.32796823373386225
6,phase8_train_0004,3,multi_target,dynamic_raw,trajectory_output_branch,11.237969398498535,3.3970885276794434,True,0.6328647803170354
6,phase8_train_0004,3,multi_target,dynamic_raw,score_output_branch,0.0,0.0,True,0.0
6,phase8_train_0004,3,multi_target,dynamic_raw,shared_head_trunk,7.053501605987549,0.6007217764854431,True,0.3972170225819954
6,phase8_train_0004,3,multi_target,dynamic_raw,all,17.80782699584961,3.3970885276794434,True,1.002845453659793
6,phase8_train_0004,3,multi_target,dynamic_weighted,late_mobile,1.0347137451171875,0.18341995775699615,True,0.05826976954413987
6,phase8_train_0004,3,multi_target,dynamic_weighted,output_1x1,0.5821396708488464,0.028728201985359192,True,0.03278311960475788
6,phase8_train_0004,3,multi_target,dynamic_weighted,trajectory_output_branch,1.1237971782684326,0.33970898389816284,True,0.06328649145821472
6,phase8_train_0004,3,multi_target,dynamic_weighted,score_output_branch,0.0,0.0,True,0.0
6,phase8_train_0004,3,multi_target,dynamic_weighted,shared_head_trunk,0.7050668597221375,0.060044895857572556,True,0.039705748206298665
6,phase8_train_0004,3,multi_target,dynamic_weighted,all,1.7803254127502441,0.33970898389816284,True,0.10025879331755021
6,phase8_train_0004,3,multi_target,score,late_mobile,5.674038887023926,0.32563918828964233,True,0.3195327595594343
6,phase8_train_0004,3,multi_target,score,output_1x1,4.163898944854736,0.11408385634422302,True,0.23448942576315485
6,phase8_train_0004,3,multi_target,score,trajectory_output_branch,0.0,0.0,True,0.0
6,phase8_train_0004,3,multi_target,score,score_output_branch,1.2906532287597656,0.30496832728385925,True,0.07268296816982367
6,phase8_train_0004,3,multi_target,score,shared_head_trunk,6.820972919464111,0.6630966067314148,True,0.3841221999413745
6,phase8_train_0004,3,multi_target,score,all,9.8855562210083,0.6630966067314148,True,0.5567038086930537
6,phase8_train_0004,3,multi_target,total,late_mobile,9.282082557678223,0.5389174222946167,True,0.52271926808543
6,phase8_train_0004,3,multi_target,total,output_1x1,6.745704174041748,0.18857744336128235,True,0.3798834503641753
6,phase8_train_0004,3,multi_target,total,trajectory_output_branch,8.218331336975098,1.5776721239089966,True,0.46281425689255323
6,phase8_train_0004,3,multi_target,total,score_output_branch,1.2906532287597656,0.30496832728385925,True,0.07268296816982367
6,phase8_train_0004,3,multi_target,total,shared_head_trunk,10.69828987121582,0.8447434306144714,True,0.6024727981568945
6,phase8_train_0004,3,multi_target,total,all,17.757299423217773,1.5776721239089966,True,1.0
7,phase8_train_0007,5,occluded_but_tracked,smooth,late_mobile,0.747471272945404,0.05230319872498512,True,0.04856299920747024
7,phase8_train_0007,5,occluded_but_tracked,smooth,output_1x1,0.576623797416687,0.01639205776154995,True,0.037463086583396206
7,phase8_train_0007,5,occluded_but_tracked,smooth,trajectory_output_branch,1.2153023481369019,0.23236599564552307,True,0.07895785310497125
7,phase8_train_0007,5,occluded_but_tracked,smooth,score_output_branch,0.0,0.0,True,0.0
7,phase8_train_0007,5,occluded_but_tracked,smooth,shared_head_trunk,0.882999062538147,0.04551326856017113,True,0.05736820173070259
7,phase8_train_0007,5,occluded_but_tracked,smooth,all,1.7742197513580322,0.23236599564552307,True,0.11527056021773223
7,phase8_train_0007,5,occluded_but_tracked,static,late_mobile,3.885336399078369,0.18022076785564423,True,0.25242921741419183
7,phase8_train_0007,5,occluded_but_tracked,static,output_1x1,2.9219608306884766,0.08811306208372116,True,0.1898389766148886
7,phase8_train_0007,5,occluded_but_tracked,static,trajectory_output_branch,7.79161262512207,1.8262221813201904,True,0.5062188895202608
7,phase8_train_0007,5,occluded_but_tracked,static,score_output_branch,0.0,0.0,True,0.0
7,phase8_train_0007,5,occluded_but_tracked,static,shared_head_trunk,4.133113861083984,0.24673639237880707,True,0.2685272497085868
7,phase8_train_0007,5,occluded_but_tracked,static,all,10.071025848388672,1.8262221813201904,True,0.6543117280835409
7,phase8_train_0007,5,occluded_but_tracked,guidance,late_mobile,3.4675133228302,0.28675949573516846,True,0.22528336919885222
7,phase8_train_0007,5,occluded_but_tracked,guidance,output_1x1,2.2905588150024414,0.08013567328453064,True,0.14881696453604357
7,phase8_train_0007,5,occluded_but_tracked,guidance,trajectory_output_branch,2.257051944732666,0.6497905254364014,True,0.1466400325611946
7,phase8_train_0007,5,occluded_but_tracked,guidance,score_output_branch,0.0,0.0,True,0.0
7,phase8_train_0007,5,occluded_but_tracked,guidance,shared_head_trunk,3.3941330909729004,0.2750854790210724,True,0.2205158760917421
7,phase8_train_0007,5,occluded_but_tracked,guidance,all,5.821059226989746,0.6497905254364014,True,0.37819258727229793
7,phase8_train_0007,5,occluded_but_tracked,dynamic_raw,late_mobile,0.8038172721862793,0.04631809517741203,True,0.05222378299344271
7,phase8_train_0007,5,occluded_but_tracked,dynamic_raw,output_1x1,0.5119459629058838,0.021794088184833527,True,0.03326098579400782
7,phase8_train_0007,5,occluded_but_tracked,dynamic_raw,trajectory_output_branch,1.2751926183700562,0.22711530327796936,True,0.08284890718442386
7,phase8_train_0007,5,occluded_but_tracked,dynamic_raw,score_output_branch,0.0,0.0,True,0.0
7,phase8_train_0007,5,occluded_but_tracked,dynamic_raw,shared_head_trunk,0.6762036681175232,0.0406365729868412,True,0.043932762886632434
7,phase8_train_0007,5,occluded_but_tracked,dynamic_raw,all,1.7296180725097656,0.22711530327796936,True,0.11237280163762635
7,phase8_train_0007,5,occluded_but_tracked,dynamic_weighted,late_mobile,0.0803871899843216,0.004632624331861734,True,0.005222733213701055
7,phase8_train_0007,5,occluded_but_tracked,dynamic_weighted,output_1x1,0.05120246112346649,0.002179795643314719,True,0.003326609555389627
7,phase8_train_0007,5,occluded_but_tracked,dynamic_weighted,trajectory_output_branch,0.12751926481723785,0.022711526602506638,True,0.00828489091206724
7,phase8_train_0007,5,occluded_but_tracked,dynamic_weighted,score_output_branch,0.0,0.0,True,0.0
7,phase8_train_0007,5,occluded_but_tracked,dynamic_weighted,shared_head_trunk,0.06762818992137909,0.004063578322529793,True,0.0043937845539041365
7,phase8_train_0007,5,occluded_but_tracked,dynamic_weighted,all,0.1729697287082672,0.022711526602506638,True,0.011237794818623699
7,phase8_train_0007,5,occluded_but_tracked,score,late_mobile,3.7701072692871094,0.24309493601322174,True,0.24494281313181726
7,phase8_train_0007,5,occluded_but_tracked,score,output_1x1,2.7838869094848633,0.0954136773943901,True,0.18086835263416856
7,phase8_train_0007,5,occluded_but_tracked,score,trajectory_output_branch,0.0,0.0,True,0.0
7,phase8_train_0007,5,occluded_but_tracked,score,score_output_branch,1.001939058303833,0.24183504283428192,True,0.06509569993587765
7,phase8_train_0007,5,occluded_but_tracked,score,shared_head_trunk,4.375471115112305,0.44052988290786743,True,0.28427313260910825
7,phase8_train_0007,5,occluded_but_tracked,score,all,6.489404201507568,0.44052988290786743,True,0.42161477303728373
7,phase8_train_0007,5,occluded_but_tracked,total,late_mobile,7.606904029846191,0.445726603269577,True,0.49421842382925274
7,phase8_train_0007,5,occluded_but_tracked,total,output_1x1,5.4355058670043945,0.16104520857334137,True,0.35314329348255025
7,phase8_train_0007,5,occluded_but_tracked,total,trajectory_output_branch,8.889322280883789,2.0433573722839355,True,0.5775367783439058
7,phase8_train_0007,5,occluded_but_tracked,total,score_output_branch,1.001939058303833,0.24183504283428192,True,0.06509569993587765
7,phase8_train_0007,5,occluded_but_tracked,total,shared_head_trunk,8.335070610046387,0.5829857587814331,True,0.5415272025570624
7,phase8_train_0007,5,occluded_but_tracked,total,all,15.391785621643066,2.0433573722839355,True,1.0
8,phase8_train_0001,3,no_target,smooth,late_mobile,0.599457323551178,0.04235520586371422,True,0.03779678739981539
8,phase8_train_0001,3,no_target,smooth,output_1x1,0.44945138692855835,0.013750117272138596,True,0.028338662071313518
8,phase8_train_0001,3,no_target,smooth,trajectory_output_branch,1.0898915529251099,0.23787742853164673,True,0.0687194862692308
8,phase8_train_0001,3,no_target,smooth,score_output_branch,0.0,0.0,True,0.0
8,phase8_train_0001,3,no_target,smooth,shared_head_trunk,0.7276644110679626,0.03562237322330475,True,0.045880458813344675
8,phase8_train_0001,3,no_target,smooth,all,1.5095411539077759,0.23787742853164673,True,0.09517909586545092
8,phase8_train_0001,3,no_target,static,late_mobile,5.95894193649292,0.32336533069610596,True,0.37572126096852737
8,phase8_train_0001,3,no_target,static,output_1x1,4.008035182952881,0.15607447922229767,True,0.252713325451794
8,phase8_train_0001,3,no_target,static,trajectory_output_branch,6.870899200439453,1.58316969871521,True,0.43322169255706844
8,phase8_train_0001,3,no_target,static,score_output_branch,0.0,0.0,True,0.0
8,phase8_train_0001,3,no_target,static,shared_head_trunk,4.688604354858398,0.4220922887325287,True,0.2956243506253569
8,phase8_train_0001,3,no_target,static,all,10.989339828491211,1.58316969871521,True,0.6928962660781388
8,phase8_train_0001,3,no_target,guidance,late_mobile,3.3010733127593994,0.19289158284664154,True,0.20813819648483986
8,phase8_train_0001,3,no_target,guidance,output_1x1,2.2558376789093018,0.07535785436630249,True,0.14223434064184656
8,phase8_train_0001,3,no_target,guidance,trajectory_output_branch,1.77767014503479,0.5805315375328064,True,0.11208507745112677
8,phase8_train_0001,3,no_target,guidance,score_output_branch,0.0,0.0,True,0.0
8,phase8_train_0001,3,no_target,guidance,shared_head_trunk,3.172700881958008,0.22527164220809937,True,0.20004409990052568
8,phase8_train_0001,3,no_target,guidance,all,5.404815673828125,0.5805315375328064,True,0.34078267281595903
8,phase8_train_0001,3,no_target,dynamic_raw,late_mobile,0.0,0.0,True,0.0
8,phase8_train_0001,3,no_target,dynamic_raw,output_1x1,0.0,0.0,True,0.0
8,phase8_train_0001,3,no_target,dynamic_raw,trajectory_output_branch,0.0,0.0,True,0.0
8,phase8_train_0001,3,no_target,dynamic_raw,score_output_branch,0.0,0.0,True,0.0
8,phase8_train_0001,3,no_target,dynamic_raw,shared_head_trunk,0.0,0.0,True,0.0
8,phase8_train_0001,3,no_target,dynamic_raw,all,0.0,0.0,True,0.0
8,phase8_train_0001,3,no_target,dynamic_weighted,late_mobile,0.0,0.0,True,0.0
8,phase8_train_0001,3,no_target,dynamic_weighted,output_1x1,0.0,0.0,True,0.0
8,phase8_train_0001,3,no_target,dynamic_weighted,trajectory_output_branch,0.0,0.0,True,0.0
8,phase8_train_0001,3,no_target,dynamic_weighted,score_output_branch,0.0,0.0,True,0.0
8,phase8_train_0001,3,no_target,dynamic_weighted,shared_head_trunk,0.0,0.0,True,0.0
8,phase8_train_0001,3,no_target,dynamic_weighted,all,0.0,0.0,True,0.0
8,phase8_train_0001,3,no_target,score,late_mobile,3.6722817420959473,0.18218278884887695,True,0.23154350914585878
8,phase8_train_0001,3,no_target,score,output_1x1,2.4930789470672607,0.08279617130756378,True,0.15719279960587892
8,phase8_train_0001,3,no_target,score,trajectory_output_branch,0.0,0.0,True,0.0
8,phase8_train_0001,3,no_target,score,score_output_branch,0.7601056098937988,0.24212898313999176,True,0.04792593068739141
8,phase8_train_0001,3,no_target,score,shared_head_trunk,3.712224245071411,0.3047301471233368,True,0.2340619507994475
8,phase8_train_0001,3,no_target,score,all,5.836048603057861,0.3047301471233368,True,0.3679726306420468
8,phase8_train_0001,3,no_target,total,late_mobile,9.322839736938477,0.47265124320983887,True,0.5878206465343666
8,phase8_train_0001,3,no_target,total,output_1x1,5.931782245635986,0.1547284573316574,True,0.3740087970101542
8,phase8_train_0001,3,no_target,total,trajectory_output_branch,7.824714660644531,1.821047067642212,True,0.49336135346647525
8,phase8_train_0001,3,no_target,total,score_output_branch,0.7601056098937988,0.24212898313999176,True,0.04792593068739141
8,phase8_train_0001,3,no_target,total,shared_head_trunk,8.22402286529541,0.48805928230285645,True,0.5185384039840718
8,phase8_train_0001,3,no_target,total,all,15.860007286071777,1.821047067642212,True,1.0
9,phase8_train_0001,23,no_target,smooth,late_mobile,0.6142913103103638,0.04558534920215607,True,0.039656797499864706
9,phase8_train_0001,23,no_target,smooth,output_1x1,0.47178947925567627,0.014716126956045628,True,0.030457308328122254
9,phase8_train_0001,23,no_target,smooth,trajectory_output_branch,1.0769562721252441,0.23721952736377716,True,0.06952505445389084
9,phase8_train_0001,23,no_target,smooth,score_output_branch,0.0,0.0,True,0.0
9,phase8_train_0001,23,no_target,smooth,shared_head_trunk,0.782810389995575,0.04163064807653427,True,0.050535881911075914
9,phase8_train_0001,23,no_target,smooth,all,1.540313482284546,0.23721952736377716,True,0.09943800087682785
9,phase8_train_0001,23,no_target,static,late_mobile,5.687447547912598,0.28504809737205505,True,0.3671644900604526
9,phase8_train_0001,23,no_target,static,output_1x1,3.1963050365448,0.11560908704996109,True,0.2063438297995997
9,phase8_train_0001,23,no_target,static,trajectory_output_branch,5.74207067489624,1.3899343013763428,True,0.3706907946804956
9,phase8_train_0001,23,no_target,static,score_output_branch,0.0,0.0,True,0.0
9,phase8_train_0001,23,no_target,static,shared_head_trunk,4.071229934692383,0.2927948236465454,True,0.2628263470207831
9,phase8_train_0001,23,no_target,static,all,9.597380638122559,1.3899343013763428,True,0.6195779984301814
9,phase8_train_0001,23,no_target,guidance,late_mobile,3.598966598510742,0.20538747310638428,True,0.23233844791619787
9,phase8_train_0001,23,no_target,guidance,output_1x1,2.5656237602233887,0.08980657160282135,True,0.16562894544058446
9,phase8_train_0001,23,no_target,guidance,trajectory_output_branch,1.6816269159317017,0.5623839497566223,True,0.10856077068993891
9,phase8_train_0001,23,no_target,guidance,score_output_branch,0.0,0.0,True,0.0
9,phase8_train_0001,23,no_target,guidance,shared_head_trunk,3.979886531829834,0.27301445603370667,True,0.2569294919465375
9,phase8_train_0001,23,no_target,guidance,all,6.180805206298828,0.5623839497566223,True,0.399014175096279
9,phase8_train_0001,23,no_target,dynamic_raw,late_mobile,0.0,0.0,True,0.0
9,phase8_train_0001,23,no_target,dynamic_raw,output_1x1,0.0,0.0,True,0.0
9,phase8_train_0001,23,no_target,dynamic_raw,trajectory_output_branch,0.0,0.0,True,0.0
9,phase8_train_0001,23,no_target,dynamic_raw,score_output_branch,0.0,0.0,True,0.0
9,phase8_train_0001,23,no_target,dynamic_raw,shared_head_trunk,0.0,0.0,True,0.0
9,phase8_train_0001,23,no_target,dynamic_raw,all,0.0,0.0,True,0.0
9,phase8_train_0001,23,no_target,dynamic_weighted,late_mobile,0.0,0.0,True,0.0
9,phase8_train_0001,23,no_target,dynamic_weighted,output_1x1,0.0,0.0,True,0.0
9,phase8_train_0001,23,no_target,dynamic_weighted,trajectory_output_branch,0.0,0.0,True,0.0
9,phase8_train_0001,23,no_target,dynamic_weighted,score_output_branch,0.0,0.0,True,0.0
9,phase8_train_0001,23,no_target,dynamic_weighted,shared_head_trunk,0.0,0.0,True,0.0
9,phase8_train_0001,23,no_target,dynamic_weighted,all,0.0,0.0,True,0.0
9,phase8_train_0001,23,no_target,score,late_mobile,3.748140335083008,0.19294168055057526,True,0.24196865522053956
9,phase8_train_0001,23,no_target,score,output_1x1,2.4724254608154297,0.08491969853639603,True,0.15961234383004586
9,phase8_train_0001,23,no_target,score,trajectory_output_branch,0.0,0.0,True,0.0
9,phase8_train_0001,23,no_target,score,score_output_branch,0.7186021208763123,0.2223397046327591,True,0.04639078937347689
9,phase8_train_0001,23,no_target,score,shared_head_trunk,3.7593491077423096,0.3069787621498108,True,0.24269225983631604
9,phase8_train_0001,23,no_target,score,all,5.900045871734619,0.3069787621498108,True,0.3808891977603888
9,phase8_train_0001,23,no_target,total,late_mobile,9.321398735046387,0.4738740921020508,True,0.601761437687381
9,phase8_train_0001,23,no_target,total,output_1x1,5.576175689697266,0.1619691103696823,True,0.35998111390875415
9,phase8_train_0001,23,no_target,total,trajectory_output_branch,6.735492706298828,1.6271538734436035,True,0.43482313005625134
9,phase8_train_0001,23,no_target,total,score_output_branch,0.7186021208763123,0.2223397046327591,True,0.04639078937347689
9,phase8_train_0001,23,no_target,total,shared_head_trunk,8.72241497039795,0.5162659883499146,True,0.5630928492478532
9,phase8_train_0001,23,no_target,total,all,15.490189552307129,1.6271538734436035,True,1.0
